,Java QA,,,,,,,New Platform,,
P.Path,Path,Data,Module,Extension,Package,Test,Criteria,Path,New Image,Size
\assets\common\,,1.data,,.data,NF,NF,,,-,
,,1_1.bmp,Finger,.bmp,NF,NF,"black and White
one finger
400*560",-,-,-
,,1_1.data,Finger,.data,com.gemalto.cogent.test.finger,FingerAPITest.testExtractTemplateAnsi378,"black and White
one finger
400*560",fingers/RIGHT-INDEX/,12158_1.wsq,416*560
,,,,,,FingerThreadSafetyTest.testThreadSafetyExtractTemplate,,,,
,,,,,com.gemalto.cogent.test.image,BitmapUtilTest.testThreadSafetyConvertResolution,,,,
,,,,,,BitmapUtilTest.testConvertResolution,,,,
,,,,,,BitmapUtilTest.testConvertResolutionInvalidArguments,,,,
,,1_1_scaled_500_to_600.data,Finger,.data,com.gemalto.cogent.test.image,BitmapUtilTest.testThreadSafetyConvertResolution,"black and white
two fingers
480*672",fingers/RIGHT-INDEX/,12158_1.wsq,416*560
,,,,,,BitmapUtilTest.testConvertResolution,,,,
,,1_1_scaled_1000_to_500.data,Finger,.data,com.gemalto.cogent.test.image,BitmapUtilTest.testConvertResolution,"black and white
two fingers (same)
200*280",fingers/RIGHT-INDEX/,12158_1.wsq,416*560
,,2.data,Face,.data,com.gemalto.cogent.benchmarktest.facelite,FaceBenchMarkTest.setUpClass,One face,,,
,,,,,com.gemalto.cogent.test.facelite,DBFace.initializeFaceTemplate,,,,
,,,,,,FaceBenchMarkDB.initializeFaceTemplate,,,,
,,,,,,FaceTemplateTest.setUpClass,,,,
,,,,,,FaceThreadSafetyTest.setUpClass,,,,
,,,,,,FaceThreadSafetyTest.testThreadSafetyExtractAndMatch,,,,
,,2_1.bmp,Finger,.bmp,NF,NF,,-,-,-
,,2_1.data,Finger,.data,com.gemalto.cogent.test.finger,FingerAPITest.testExtractTemplateAnsi378NegativeMaxMinutiae,"black and White
one finger
400*560",fingers/RIGHT-INDEX/,10001_1.wsq,416*560
,,,,,,FingerAPITest.testExtractTemplateAnsi378MaxMinutiaeGreaterThan255,,,,
,,,,,,FingerAPITest.testExtractTemplateAnsi378MaxMinutiaeZero,,,,
,,,,,,FingerAPITest.testExtractTemplateISO,,,,
,,,,,,FingerAPITest.testExtractTemplateISONegativeMaxMinutiae,,,,
,,,,,,FingerAPITest.testExtractTemplateISOMaxMinutiaeGreaterThan255,,,,
,,,,,,FingerAPITest.testExtractTemplateISOMaxMinutiaeZero,,,,
,,,,,,FingerAPITest.testExtractTemplateISOCC,,,,
,,,,,,FingerAPITest.testExtractTemplateISOCCNegativeMaxMinutiae,,,,
,,,,,,FingerAPITest.testExtractTemplateISOCCMaxMinutiaeGreaterThan255,,,,
,,2_180.data,,.data,NF,NF,,-,-,-
,,2XS2001L02.data,,.data,NF,NF,,-,-,-
,,3_1.bmp,Finger,.bmp,NF,NF,,-,-,-
,,3_1.data,Finger,.data,com.gemalto.cogent.test.finger,FingerAPITest.testExtractTemplateISOCCMaxMinutiae,"black and White
one finger
400*560",fingers/RIGHT-INDEX/,100014_1.wsq,416*560
,,3_1_threshold_48.cfd,,.cfd,NF,NF,,,,
,,3_rotate90.data,,.data,NF,NF,,-,-,-
,,3-93453.data,,.data,NF,NF,,-,-,-
,,4.data,,.data,NF,NF,,-,-,-
,,4_1.bmp,Finger,.bmp,NF,NF,,-,-,-
,,4_1.data,,.data,NF,NF,,-,-,-
,,4_rotate270.data,,.data,NF,NF,,-,-,-
,,4-33898.data,,.data,NF,NF,,-,-,-
,,4Slap_Left.data,,.data,NF,NF,,-,-,-
,,4Slap_Right.data,,.data,NF,NF,,-,-,-
,,5.data,,.data,NF,NF,,-,-,-
,,5_1.bmp,Finger,.bmp,NF,NF,,-,-,-
,,5_1.data,,.data,NF,NF,,-,-,-
,,5-66651.data,,.data,NF,NF,,-,-,-
,,7.data,,.data,NF,NF,,-,-,-
,,7-98707.data,,.data,NF,NF,,-,-,-
,,8.data,,.data,NF,NF,,-,-,-
,,8-68682.data,,.data,NF,NF,,-,-,-
,,8face.data,Face,.data,com.gemalto.cogent.test.facelite,FaceLiteAPITest.testMaxFacesTracked,"Color
8 faces for the same person
400*528
Girl",,,
,,,,,,FaceLiteAPITest.testMaxFacesTracked,,,,
,,9_faces.data,Face,.data,com.gemalto.cogent.test.facelite,FaceLiteAPITest.testExceedMaxFaceTrackedLimit,"Color
9 faces for the same person
400*528
Girl",,,
,,,,,,FaceLiteAPITest.testExceedMaxFaceTrackedLimit,,,,
,,11.data,,.data,NF,NF,,-,-,-
,,11-58806.data,,.data,NF,NF,,-,-,-
,,12.data,,.data,NF,NF,,-,-,-
,,12-54566.data,,.data,NF,NF,,-,-,-
,,14.data,,.data,NF,NF,,-,-,-
,,14-62859.data,,.data,NF,NF,,-,-,-
,,15.data,,.data,NF,NF,,-,-,-
,,15-42991.data,,.data,NF,NF,,-,-,-
,,17_face.data,,.data,NF,NF,,-,-,-
,,32_faces.data,,.data,NF,NF,,-,-,-
,,32_faces_399by527.data,,.data,NF,NF,,-,-,-
,,32_faces_400by528.data,,.data,NF,NF,,-,-,-
,,33_faces.data,,.data,NF,NF,,-,-,-
,,123456789987654123123456789987654321.data,Face,.data,com.gemalto.cogent.test.facelite,FaceTemplateTest.testNFmeOfTemp,"Color
1 face
Girl
glasses",,,
,,,,,,FaceTemplateTest.testNFmeOfTemp,,,,
,,AESDBFace_test,,db,NF,NF,,-,-,-
,,AESFacetest,Face,db,com.gemalto.cogent.test.facelite,DBFace.testCorruptDBAES,,-,-,-
,,,,,,DBFace.testCorruptDBAES,,,,
,,,,,,DBFace.testCorruptDBAES,,,,
,,bigSize1500x1200.wsq,Finger,.wsq,com.gemalto.cogent.test.image,BitmapUtilTest.testLargeWsqDecoding,"black and white
4 right slap
1500*1200",,,
,,,,,,BitmapUtilTest.testGetWSQImageFormat,,,,
,,childISO.data,Face,.data,com.gemalto.cogent.test.facelite,FaceLiteAPITest.testQualityCheckChild,"color
face
child
boy
412*550",,,
,,Clean1upEnc,,db,NF,NF,,-,-,-
,,closed_eyes.data,,.data,NF,NF,,-,-,-
,,closed_right_eye.data,,.data,NF,NF,,-,-,-
,,corruptDBFace,Face,db,com.gemalto.cogent.test.facelite,DBFace.testCorruptChachaDB,,,,
,,,,,,DBFace.testCorruptChachaDB,,,,
,,,,,,DBFace.testCorruptChachaDB,,,,
,,eye1.data,Iris,.data,com.gemalto.cogent.test.iris,DBIris.initializeIrisTemplate,"black and white
left iris
640*480",,,
,,,,,,DBIris.initializeIrisTemplate,,,,
,,,,,,IrisAPITest.testTrackResultsSingle,,,,
,,,,,,IrisAPITest.testTrackMinRadius,,,,
,,,,,,IrisAPITest.testTrackActualRadius,,,,
,,,,,,IrisAPITest.testQualityCheckIris,,,,
,,,,,,IrisTemplateTest.setUpClass,,,,
,,,,,,IrisThreadSafetyTest.setUpClass,,,,
,,,,,,IrisThreadSafetyTest.testThreadSafetyExtractAndMatch,,,,
,,,,,,IrisThreadSafetyTest.testThreadSafetyTrackResultsSingle,,,,
,,,,,,IrisThreadSafetyTest.testThreadSafetyQualityCheckIris,,,,
,,eye2.data,Iris,.data,com.gemalto.cogent.test.iris,DBIris.initializeIrisTemplate,"black and white
right iris
640*480",,,
,,,,,,IrisTemplateTest.setUpClass,,,,
,,,,,,IrisThreadSafetyTest.setUpClass,,,,
,,,,,,IrisThreadSafetyTest.testThreadSafetyExtractAndMatch,,,,
,,eye3.data,Iris,.data,com.gemalto.cogent.test.iris,DBIris.initializeIrisTemplate,"black and white
left iris
640*480",,,
,,,,,,IrisTemplateTest.setUpClass,,,,
,,,,,,IrisThreadSafetyTest.setUpClass,,,,
,,eye4.data,Iris,.data,com.gemalto.cogent.test.iris,DBIris.initializeIrisTemplate,"black and white
right iris
640*480",,,
,,,,,,IrisAPITest.testTrackResultsSingleFast,,,,
,,,,,,IrisTemplateTest.setUpClass,,,,
,,,,,,IrisThreadSafetyTest.setUpClass,,,,
,,,,,,IrisThreadSafetyTest.testThreadSafetyTrackResultsSingleFast,,,,
,,eye5.data,,.data,com.gemalto.cogent.test.iris,DBIris.initializeIrisTemplate,"black and white
left iris
640*480",,,
,,,,,,IrisTemplateTest.setUpClass,,,,
,,eye6.data,Iris,.data,com.gemalto.cogent.test.iris,DBIris.initializeIrisTemplate,"black and white
right iris
640*480",,,
,,,,,,IrisTemplateTest.setUpClass,,,,
,,eye7.data,Iris,.data,com.gemalto.cogent.test.iris,DBIris.initializeIrisTemplate,"black and white
left iris
640*480",,,
,,,,,,IrisTemplateTest.setUpClass,,,,
,,eye8.data,Iris,.data,com.gemalto.cogent.test.iris,DBIris.initializeIrisTemplate,"black and white
right iris
640*480",,,
,,,,,,IrisTemplateTest.setUpClass,,,,
,,eye9.data,Iris,.data,com.gemalto.cogent.test.iris,DBIris.initializeIrisTemplate,"black and white
left iris
640*480",,,
,,,,,,IrisTemplateTest.setUpClass,,,,
,,eye10.data,Iris,.data,com.gemalto.cogent.test.iris,DBIris.initializeIrisTemplate,"black and white
right iris
640*480",,,
,,,,,,IrisTemplateTest.setUpClass,,,,
,,face_11.data,Face,.data,com.gemalto.cogent.test.facelite,FaceLiteAPITest.testAssessFace,"color
woman
glasses
mouth open
1024*1024",,,
,,face_22.data,Face,.data,com.gemalto.cogent.test.facelite,FaceLiteAPITest.testAssessFace,"color
woman
mouth closed
1024*1024",,,
,,face_33.data,Face,.data,com.gemalto.cogent.test.facelite,FaceLiteAPITest.testAssessFace,"color
man
mouth open
1024*1024",,,
,,face_db_cleanup,Face,db,com.gemalto.cogent.test.facelite,DBFace.testcleanUp,,,,
,,,,,,DBFace.testcleanUp,,,,
,,,,,,DBFace.testcleanUp,,,,
,,,,,,FaceTemplateTest.testCleanUp,,,,
,,,,,,FaceTemplateTest.testCleanUp,,,,
,,Face_eyes_closed.data,Face,.data,com.gemalto.cogent.test.facelite,FaceLiteAPITest.testNotISOCompliantQualityCheckEyesClosed,"color
man
eye closed
mouth closed
366* 359",,,
,,face_test_db,Face,db,com.gemalto.cogent.benchmarktest.facelite,FaceBenchMarkTest.setUpClass,,,,
,,,,,com.gemalto.cogent.test.facelite,FaceTemplateTest.setUpClass,,,,
,,face1.data,Face,.data,com.gemalto.cogent.benchmarktest.facelite,FaceBenchMarkTest.setUpClass,"color
woman
old
mouth closed
400*528",,,
,,,,,,FaceBenchMarkTest.setUpClass,,,,
,,,,,com.gemalto.cogent.test.face_image,NV21Test.setUpClass,,,,
,,,,,com.gemalto.cogent.test.facelite,DBFace.initializeFaceTemplate,,,,
,,,,,,DBFace.initializeFaceTemplate,,,,
,,,,,,FaceBenchMarkDB.initializeFaceTemplate,,,,
,,,,,,FaceBenchMarkDB.initializeFaceTemplate,,,,
,,,,,,FaceLiteAPITest.setBitmapThenCheckTrackResults,,,,
,,,,,,FaceLiteAPITest.testFaceTracking,,,,
,,,,,,FaceLiteAPITest.testAssessFace,,,,
,,,,,,FaceTemplateTest.setUpClass,,,,
,,,,,,FaceTemplateTest.setUpClass,,,,
,,,,,,FaceTemplateTest.setUpClass,,,,
,,,,,,FaceTemplateTest.setUpClass,,,,
,,,,,,FaceThreadSafetyTest.setUpClass,,,,
,,,,,,FaceThreadSafetyTest.testThreadSafetyExtractAndMatch,,,,
,,,,,,FaceThreadSafetyTest.testThreadSafetyTrack,,,,
,,,,,,FaceThreadSafetyTest.testThreadSafetyQualityCheck,,,,
,,,,,,FaceThreadSafetyTest.testThreadAssessFace,,,,
,,,,,com.gemalto.cogent.test.image,BitmapUtilTest.testConvertResolutionInvalidArguments,,,,
,,face1.yuv,Face,.yuv,com.gemalto.cogent.test.face_image,NV21Test.testNV21Conversion,"color
woman
old
mouth closed
400*528",,,
,,face1_90.yuv,Face,.yuv,com.gemalto.cogent.test.face_image,NV21Test.testNV21Conversion,"color
woman
old
mouth closed
400*528
rotated 90",,,
,,face1_180.yuv,Face,.yuv,com.gemalto.cogent.test.face_image,NV21Test.testNV21Conversion,"color
woman
old
mouth closed
400*528
rotated 180",,,
,,face1_270.yuv,Face,.yuv,com.gemalto.cogent.test.face_image,NV21Test.testNV21Conversion,"color
woman
old
mouth closed
400*528
rotated 270",,,
,,face1_test_db,Face,db,com.gemalto.cogent.test.facelite,NonEncryptedFaceDB.setUpClass,,,,
,,faceDBEncAES,Face,db,com.gemalto.cogent.test.facelite,EncryptedAESFaceDB.setUpClass,,,,
,,faceDBEncAES256,Face,db,com.gemalto.cogent.benchmarktest.facelite,EncryptedAESFaceBenchMark.setUpClass,,,,
,,faceDBEncChachaa,Face,db,NF,NF,,,,
,,faceDBEnChacha256,Face,db,com.gemalto.cogent.benchmarktest.facelite,EncryptedChachaFaceBenchMark.setUpClass,,,,
,,faceISO.data,Face,.data,com.gemalto.cogent.test.facelite,FaceLiteAPITest.testQualityCheck,"color
man
mouth closed
350*450",,,
,,finger_180.data,Finger,.data,com.gemalto.cogent.test.finger,DBFingerPrint.initializeFingerPrintTemplate,"black and white
numeric minutiae
275*400",,,
,,,,,,FingerTemplateTest.setUpClass,,,,
,,finger1.data,Finger,.data,com.gemalto.cogent.test.finger,DBFingerPrint.initializeFingerPrintTemplate,"black and white
numeric minutiae
275*400",,,
,,,,,,FingerAPITest.initializeFingerAPITemplate,,,,
,,,,,,FingerTemplateTest.setUpClass,,,,
,,,,,,FingerThreadSafetyTest.initializeFingerAPITemplate,,,,
,,,,,,FingerThreadSafetyTest.initializeFingerAPITemplate,,,,
,,,,,com.gemalto.cogent.test.image,BitmapUtilTest.testWsqDecodingFailure,,,,
,,finger1.wsq,Finger,.wsq,NF,NF,"black and white
500*500",,,
,,finger2.data,Finger,.data,com.gemalto.cogent.test.finger,DBFingerPrint.initializeFingerPrintTemplate,"black and white
numeric minutiae
275*400",,,
,,,,,,FingerAPITest.initializeFingerAPITemplate,,,,
,,,,,,FingerTemplateTest.setUpClass,,,,
,,,,,,FingerThreadSafetyTest.initializeFingerAPITemplate,,,,
,,,,,,FingerThreadSafetyTest.initializeFingerAPITemplate,,,,
,,finger3.data,Finger,.data,com.gemalto.cogent.test.finger,DBFingerPrint.initializeFingerPrintTemplate,"black and white
numeric minutiae
275*400",,,
,,,,,,FingerAPITest.initializeFingerAPITemplate,,,,
,,,,,,FingerTemplateTest.setUpClass,,,,
,,,,,,FingerThreadSafetyTest.initializeFingerAPITemplate,,,,
,,,,,,FingerThreadSafetyTest.initializeFingerAPITemplate,,,,
,,finger4.data,Finger,.data,com.gemalto.cogent.test.finger,DBFingerPrint.initializeFingerPrintTemplate,"black and white
numeric minutiae
275*400",,,
,,,,,,FingerAPITest.initializeFingerAPITemplate,,,,
,,,,,,FingerTemplateTest.setUpClass,,,,
,,finger5.data,Finger,.data,com.gemalto.cogent.test.finger,DBFingerPrint.initializeFingerPrintTemplate,"black and white
numeric minutiae
275*400",,,
,,,,,,FingerAPITest.initializeFingerAPITemplate,,,,
,,,,,,FingerTemplateTest.setUpClass,,,,
,,finger6.data,Finger,.data,com.gemalto.cogent.test.finger,DBFingerPrint.initializeFingerPrintTemplate,"black and white
numeric minutiae
275*400",,,
,,,,,,FingerAPITest.initializeFingerAPITemplate,,,,
,,,,,,FingerTemplateTest.setUpClass,,,,
,,finger7.data,Finger,.data,com.gemalto.cogent.test.finger,DBFingerPrint.initializeFingerPrintTemplate,"black and white
numeric minutiae
275*401",,,
,,,,,,FingerAPITest.initializeFingerAPITemplate,,,,
,,,,,,FingerTemplateTest.setUpClass,,,,
,,finger8.data,Finger,.data,com.gemalto.cogent.test.finger,DBFingerPrint.initializeFingerPrintTemplate,"black and white
numeric minutiae
275*402",,,
,,,,,,FingerAPITest.initializeFingerAPITemplate,,,,
,,,,,,FingerTemplateTest.setUpClass,,,,
,,finger9.data,Finger,.data,com.gemalto.cogent.test.finger,DBFingerPrint.initializeFingerPrintTemplate,"black and white
numeric minutiae
275*403",,,
,,,,,,FingerAPITest.initializeFingerAPITemplate,,,,
,,,,,,FingerTemplateTest.setUpClass,,,,
,,finger10.data,Finger,.data,com.gemalto.cogent.test.finger,DBFingerPrint.initializeFingerPrintTemplate,"black and white
numeric minutiae
275*404",,,
,,,,,,FingerAPITest.initializeFingerAPITemplate,,,,
,,,,,,FingerTemplateTest.setUpClass,,,,
,,finger11.data,Finger,.data,com.gemalto.cogent.test.finger,DBFingerPrint.initializeFingerPrintTemplate,"black and white
numeric minutiae
275*405",,,
,,,,,,FingerAPITest.initializeFingerAPITemplate,,,,
,,,,,,FingerTemplateTest.setUpClass,,,,
,,finger180.data,Finger,.data,com.gemalto.cogent.test.finger,DBFingerPrint.initializeFingerPrintTemplate,"black and white
numeric minutiae
275*405",,,
,,,,,,FingerTemplateTest.setUpClass,,,,
,,fingerAEE,Finger,db,NF,NF,,,,
,,fingerchachaCorruptF,Finger,db,com.gemalto.cogent.test.finger,DBFingerPrint.testCorruptChacha,,,,
,,,,,,DBFingerPrint.testCorruptChacha,,,,
,,,,,,DBFingerPrint.testCorruptChacha,,,,
,,fingerDBEncAES,Finger,db,com.gemalto.cogent.test.finger,EncryptedAESFingerPrintDB.setUpClass,,,,
,,fingerDBEncChacha,Finger,db,com.gemalto.cogent.test.finger,EncryptedAESFingerPrintDB.setUpClass,,,,
,,fingert_db_CleanUp,Finger,db,NF,NF,,,,
,,fingetestdb,Finger,db,NF,NF,,,,
,,FVC2000_Db1_100_1.raw,Finger,.raw,com.gemalto.cogent.test.finger,FingerAPITest.testNFIQ1,"black and white
light
300*300",,,
,,,,,,FingerAPITest.testNFIQ2,,,,
,,,,,,FingerThreadSafetyTest.testThreadSafetyNFIQ1,,,,
,,,,,,FingerThreadSafetyTest.testThreadSafetyNFIQ2,,,,
,,FVC2000_Db1_100_2.raw,Finger,.raw,com.gemalto.cogent.test.finger,FingerAPITest.testNFIQ1,"black and white
light
300*300",,,
,,,,,,FingerAPITest.testNFIQ2,,,,
,,,,,,FingerThreadSafetyTest.testThreadSafetyNFIQ1,,,,
,,,,,,FingerThreadSafetyTest.testThreadSafetyNFIQ2,,,,
,,FVC2000_Db1_100_3.raw,Finger,.raw,com.gemalto.cogent.test.finger,FingerAPITest.testNFIQ1,"black and white
light
300*300",,,
,,,,,,FingerAPITest.testNFIQ2,,,,
,,,,,,FingerThreadSafetyTest.testThreadSafetyNFIQ1,,,,
,,,,,,FingerThreadSafetyTest.testThreadSafetyNFIQ2,,,,
,,FVC2000_Db1_100_4.raw,Finger,.raw,com.gemalto.cogent.test.finger,FingerAPITest.testNFIQ1,"black and white
light
300*300",,,
,,,,,,FingerAPITest.testNFIQ2,,,,
,,FVC2000_Db1_100_5.raw,Finger,.raw,com.gemalto.cogent.test.finger,FingerAPITest.testNFIQ1,"black and white
light
300*300",,,
,,,,,,FingerAPITest.testNFIQ2,,,,
,,FVC2000_Db1_100_6.raw,Finger,.raw,com.gemalto.cogent.test.finger,FingerAPITest.testNFIQ1,"black and white
light
300*300",,,
,,,,,,FingerAPITest.testNFIQ2,,,,
,,FVC2000_Db1_100_7.raw,Finger,.raw,com.gemalto.cogent.test.finger,FingerAPITest.testNFIQ1,"black and white
light
300*300",,,
,,,,,,FingerAPITest.testNFIQ2,,,,
,,FVC2000_Db1_100_8.raw,Finger,.raw,com.gemalto.cogent.test.finger,FingerAPITest.testNFIQ1,"black and white
light
300*301",,,
,,,,,,FingerAPITest.testNFIQ2,,,,
,,head-tilt.data,,.data,NF,NF,,,,
,,iris_image.data,Iris,.data,com.gemalto.cogent.test.face,FaceAPITest_NT.testLocationOnlyIris,"black and white
1800*980",,,
,,,,,com.gemalto.cogent.test.iris,IrisAPITest.testTrackMaxRadius,,,,
,,iris1.raw,Iris,.raw,com.gemalto.cogent.test.face,FaceAPITest_NT.testLivenessSilentIncorrectImageParam,"black and white
4 iris (same)
1280*720",,,
,,iris2.raw,Iris,.raw,NF,NF,,,,
,,iris3.raw,Iris,.raw,NF,NF,,,,
,,irisBoth.raw,Iris,.raw,com.gemalto.cogent.test.face,FaceAPITest_NT.testLivenessSilentIncorrectlivenessParam,"black and white
both iris
160*240",,,
,,,,,com.gemalto.cogent.test.iris,IrisAPITest.testTrackResultsBoth,,,,
,,,,,,IrisThreadSafetyTest.testThreadSafetyTrackResultsBoth,,,,
,,irisISO.raw,Iris,.raw,NF,NF,,,,
,,katt-williams-head-tilted.data,face,.data,com.gemalto.cogent.test.facelite,FaceLiteAPITest.testNotISOCompliantQualityCheckTiltedFace,"color
man
cap
mouth closed
beard
rotation 45
800*450",,,
,,left_4_slap_missing_middle.data,Finger,.data,com.gemalto.cogent.test.finger,FingerAPITest.testSegmentation,"black and white
left slap
middle missed",,,
,,,,,,FingerThreadSafetyTest.testThreadSafetySegmentation,,,,
,,manifest.mf,,.mf,NF,NF,,,,
,,mouthOpen.data,Face,.data,com.gemalto.cogent.test.facelite,FaceLiteAPITest.testNotISOCompliantQualityCheckMouthOpen,"color
woman
mouth open
rotation 0
442*627",,,
,,nfiq_rolledImg.wsq,,.wsq,NF,NF,,,,
,,No_Left_eye.data,Face,.data,com.gemalto.cogent.test.iris,IrisAPITesttest.TrackResultsNoLeftEye,"color
man
no left eye
rotation 0
615*409",,,
,,Obama_closed_right_eye.data,Face,.data,com.gemalto.cogent.test.iris,IrisAPITest.testTrackResultsNoRightEye,"black and white
man
right eye closed
rotation 0
594*395",,,
,,right_4_slap.data,Finger,.data,com.gemalto.cogent.test.face,FaceAPITest_NT.testQualityCheckFingerInsteadFace,"black and white
right 4 slap
1000*500",,,
,,,,,,FaceAPITest_NT.testLocationFingerInsteadFace,,,,
,,,,,,FaceAPITest_NT.testFeatureExtractFingerInsteadFace,,,,
,,,,,,FaceAPITest_NT.testAttributeFingerInsteadFace,,,,
,,,,,,FaceAPITest_NT.testVerifyFaceVsFinger,,,,
,,,,,,FaceAPITest_NT.testVerify1SampleNull,,,,
,,,,,com.gemalto.cogent.test.finger,FingerAPITest.testSegmentation,,,,
,,,,,,FingerThreadSafetyTest.testThreadSafetySegmentation,,,,
,,right_4_slap_missing_index.data,Finger,.data,com.gemalto.cogent.test.finger,FingerAPITest.testSegmentation,"black and white
right 4 slap
missing index
1000*500",,,
,,,,,,FingerThreadSafetyTest.testThreadSafetySegmentation,,,,
,,right_4_slap_missing_little.data,Finger,.data,com.gemalto.cogent.test.finger,FingerAPITest.testSegmentation,"black and white
right 4 slap
missing little
1000*500",,,
,,,,,,FingerThreadSafetyTest.testThreadSafetySegmentation,,,,
,,right_4_slap_missing_middle.data,Finger,.data,com.gemalto.cogent.test.finger,FingerAPITest.testSegmentation,"black and white
right 4 slap
missing middle
1000*501",,,
,,,,,,FingerThreadSafetyTest.testThreadSafetySegmentation,,,,
,,right_4_slap_missing_ring.data,Finger,.data,com.gemalto.cogent.test.finger,FingerAPITest.testSegmentation,"black and white
right 4 slap
missing ring
1000*501",,,
,,,,,,FingerThreadSafetyTest.testThreadSafetySegmentation,,,,
,,Sunglases.data,Face,.data,com.gemalto.cogent.test.facelite,FaceLiteAPITest.testNotISOCompliantQualityCheckSunGlasses,"color
man
sunglasses
224*225",,,
,,testWSQ.wsq,Image,.wsq,com.gemalto.cogent.test.image,BitmapUtilTest.testWsqEncoding,"black and white
letter A
bad bit rate
64*64",,,
,,,,,,BitmapUtilTest.testWsqDecoding,,,,
,,,,,,BitmapUtilTest.testThreadSafetyWsqEncoding,,,,
,,,,,,BitmapUtilTest.testThreadSafetyWsqDecoding,,,,
,,testWSQ_HighBitRateAndComment.wsq,Image,.wsq,com.gemalto.cogent.test.image,BitmapUtilTest.testWsqEncoding,"black and white
letter A
high bit rate
64*64",,,
,,,,,,BitmapUtilTest.testThreadSafetyWsqEncoding,,,,
,,testWSQIn.data,Image,.data,com.gemalto.cogent.test.image,BitmapUtilTest.testWsqEncoding,"black and white
letter A
64*64",,,
,,,,,,BitmapUtilTest.testWsqEncodingFailure,,,,
,,,,,,BitmapUtilTest.testThreadSafetyWsqEncoding,,,,
,,testWSQOut.data,Image,.data,com.gemalto.cogent.test.image,BitmapUtilTest.testWsqDecoding,"black and white
letter A
64*64",,,
,,,,,,BitmapUtilTest.testThreadSafetyWsqDecoding,,,,
,,thumb_2_slap.data,Finger,.data,com.gemalto.cogent.test.finger,FingerAPITest.testSegmentation,"black and white
thumb
left / right
1500*1000",,,
,,,,,,FingerThreadSafetyTest.testThreadSafetySegmentation,,,,
,,thumb_2_slap_missing_left.data,Finger,.data,com.gemalto.cogent.test.finger,FingerAPITest.testSegmentation,"black and white
thumb
right / missing left
1500*1000",,,
,,,,,,FingerThreadSafetyTest.testThreadSafetySegmentation,,,,
,,thumb_2_slap_missing_right.data,Finger,.data,com.gemalto.cogent.test.finger,FingerAPITest.testSegmentation,"black and white
thumb
right / missing right
1500*1001",,,
,,,,,,FingerThreadSafetyTest.testThreadSafetySegmentation,,,,
,,tiltedface.data,,.data,NF,NF,,,,
,\face_crop\input\,3_faces.data,Face,.data,com.gemalto.cogent.test.face,FaceAPITest_NT.testGetEyesFailOnFaceNumber,"color
3 faces
woman
mouth open
mouth close
500*333",,,
,,3_faces.png,Face,.png,com.gemalto.cogent.test.face_image,FaceImageUtilTest.testGetEyesFailOnFaceNumber,"color
3 faces
woman
mouth open
mouth close
500*333",,,
,,blankwhite.data,,.data,com.gemalto.cogent.test.face,FaceAPITest_NT.testGetEyesFailOnFaceNumber,"blank photo
white
454*626",,,
,,blankwhite.jpg,,.jpg,com.gemalto.cogent.test.face_image,FaceImageUtilTest.testGetEyesFailOnFaceNumber,"blank photo
white
454*626",,,
,,handsome-man-wearing-glasses-high-res.data,Face,.data,com.gemalto.cogent.test.face,FaceAPITest.testGetEyesPositions,"color
man
glesses
smooth left rotation
1296*980",,,
,,handsome-man-wearing-glasses-high-res.jpg,Face,.jpg,com.gemalto.cogent.test.face_image,FaceImageUtilTest.testCropFaceAllSingleFaces,"color
man
glesses
smooth left rotation
1296*980",,,
,,,,,,FaceImageUtilTest.testCropFaceAllSingleFaces,,,,
,,,,,,FaceImageUtilTest.testCropFaceAllSingleFaces,,,,
,,man_with_glasses.data,Face,.data,com.gemalto.cogent.test.face,FaceAPITest.testGetEyesPositions,"color
man
glasses
mouth open
500*662",,,
,,man_with_glasses.jpg,Face,.jpg,com.gemalto.cogent.test.face_image,FaceImageUtilTest.testCropFaceAllSingleFaces,"color
man
glasses
mouth open
500*662",,,
,,woman_11.bmp,Face,.bmp,com.gemalto.cogent.test.face_image,FaceImageUtilTest.testCropFaceAllSingleFaces,"color
woman
smooth left rotation
eye open
mouth open
483*579",,,
,,woman_11.data,Face,.data,com.gemalto.cogent.test.face,FaceAPITest.testGetEyesPositions,"color
woman
smooth left rotation
eye open
mouth open
483*579",,,
,,,,,,FaceAPITest.testGetEyesPositions,,,,
,,woman_1_2.bmp,Face,.bmp,com.gemalto.cogent.test.face_image,FaceImageUtilTest.testCropFaceAllSingleFaces,"color
woman
smooth left rotation
eye open
394*297",,,
,,woman_1_2.data,Face,.data,com.gemalto.cogent.test.face,FaceAPITest.testGetEyesPositions,"color
woman
smooth left rotation
eye open
394*297",,,
,\face_crop\ref\,handsome-man-wearing-glasses-high-res-240.jpg,,.jpg,NF,NF,,,,
,,handsome-man-wearing-glasses-high-res-480.jpg,,.jpg,NF,NF,,,,
,,handsome-man-wearing-glasses-high-res-720.jpg,,.jpg,NF,NF,,,,
,,man_with_glasses-240.jpg,,.jpg,NF,NF,,,,
,,woman_11-240.bmp,,.bmp,NF,NF,,,,
,,woman_1_2-240.bmp,,.bmp,NF,NF,,,,
,\image\face\,8face.jp2,,.jp2,NF,NF,,,,
,,9_faces.jp2,,.jp2,NF,NF,,,,
,,closed_eyes_BGR.bmp,Face,.bmp,com.gemalto.cogent.test.image,BitmapUtilTest.testBmpDecoding,"color
man
eye closed
366*359",,,
,,,,,,BitmapUtilTest.testBmpEncoding,,,,
,,,,,,BitmapUtilTest.testGetBMPImageFormat,,,,
,,,,,,BitmapUtilTest.testThreadSafetyBmpDecoding,,,,
,,,,,,BitmapUtilTest.testThreadSafetyBmpEncoding,,,,
,,,,,,BitmapUtilTest.testBmpIncompleteDecoding,,,,
,,closed_eyes_BGR.data,Face,.data,com.gemalto.cogent.test.image,BitmapUtilTest.testBmpDecoding,"color
man
eye closed
rotation 0
366*359",,,
,,,,,,BitmapUtilTest.testBmpEncoding,,,,
,,,,,,BitmapUtilTest.testThreadSafetyBmpDecoding,,,,
,,,,,,BitmapUtilTest.testThreadSafetyBmpEncoding,,,,
,,,,,,BitmapUtilTest.testBmpEncodingWrongWidth,,,,
,,,,,,BitmapUtilTest.testBmpEncodingWrongHeight,,,,
,,face1.data,Face,.data,com.gemalto.cogent.test.image,BitmapUtilTest.testJp2encoding,"color
woman
eye open
mouth closed
rotation 0
400*530",,,
,,,,,,BitmapUtilTest.testThreadSafetyJp2Encoding,,,,
,,,,,,BitmapUtilTest.testJp2encodingWrongWidth,,,,
,,,,,,BitmapUtilTest.testJp2encodingWrongHeight,,,,
,,face1.jp2,Face,.jp2,com.gemalto.cogent.test.image,BitmapUtilTest.testJp2Decoding,"color
woman
eye open
mouth closed
rotation 0
400*528",,,
,,,,,,BitmapUtilTest.testIncompleteJp2Decoding,,,,
,,face1_BGR.data,Face,.data,com.gemalto.cogent.test.image,BitmapUtilTest.testJp2Decoding,"color
woman
eye open
mouth closed
rotation 0
400*528",,,
,,,,,,BitmapUtilTest.testThreadSafetyJp2Decoding,,,,
,,,,,,BitmapUtilTest.testJp2DecodingNotJP2,,,,
,,,,,,BitmapUtilTest.testJp2DecodingNotJP2,,,,
,,face1_BGR.jp2,,.jp2,com.gemalto.cogent.test.image,BitmapUtilTest.testJp2encoding,"color
woman
eye open
mouth closed
rotation 0
400*528",,,
,,,,,,BitmapUtilTest.testGetJP2ImageFormat,,,,
,,,,,,BitmapUtilTest.testThreadSafetyJp2Decoding,,,,
,,,,,,BitmapUtilTest.testThreadSafetyJp2Encoding,,,,
,,face3.jpg,,.jpg,NF,NF,,,,
,\image\finger\,left_4_slap_missing_middle.data,Finger,.data,com.gemalto.cogent.test.image,BitmapUtilTest.testJp2DecodingGS,"black and white
left slap 
missing middle
1500*1000",,,
,,,,,,BitmapUtilTest.testJp2encodingGS,,,,
,,left_4_slap_missing_middle_GS.jp2,Finger,.jp2,com.gemalto.cogent.test.image,BitmapUtilTest.testJp2DecodingGS,"black and white
left slap 
missing middle
1500*1000",,,
,,,,,,BitmapUtilTest.testJp2encodingGS,,,,
,,left_4_slap_missing_middle_GS.jpg,Finger,.jpg,com.gemalto.cogent.test.image,BitmapUtilTest.testIncompleteJpgDecoding,"black and white
left slap 
missing middle
1500*1000",,,
,,right_4_slap.data,Finger,.data,com.gemalto.cogent.test.image,BitmapUtilTest.testJpgEncoding,"black and white
right slap
1500*1000",,,
,,,,,,BitmapUtilTest.testThreadSafetyJpgEncoding,,,,
,,,,,,BitmapUtilTest.testGetUnsupportedImageFormat,,,,
,,,,,,BitmapUtilTest.testJpgEncodingWrongWidth,,,,
,,,,,,BitmapUtilTest.testJpgEncodingWrongHeight,,,,
,,right_4_slap_GS.data,Finger,.data,com.gemalto.cogent.test.image,BitmapUtilTest.testJpgDecoding,"black and white
right slap
1500*1000",,,
,,,,,,BitmapUtilTest.testThreadSafetyJpgDecoding,,,,
,,right_4_slap_GS.jpg,Finger,.jpg,com.gemalto.cogent.test.image,BitmapUtilTest.testJpgDecoding,"black and white
right slap
1500*1000",,,
,,,,,,BitmapUtilTest.testJpgEncoding,,,,
,,,,,,BitmapUtilTest.testGetJPGImageFormat,,,,
,,,,,,BitmapUtilTest.testThreadSafetyJpgDecoding,,,,
,,,,,,BitmapUtilTest.testThreadSafetyJpgEncoding,,,,
,,thumb_2_slap.data,Finger,.data,com.gemalto.cogent.test.image,BitmapUtilTest.testPNGEncoding,"black and white
thumb
left / right
1500*1000",,,
,,thumb_2_slap_GS.data,Finger,.data,com.gemalto.cogent.test.image,BitmapUtilTest.testPNGDecoding,"black and white
thumb
left / right
1500*1000",,,
,,,,,,BitmapUtilTest.testThreadSafetyPngDecoding,,,,
,,,,,,BitmapUtilTest.testThreadSafetyPngEncoding,,,,
,,,,,,BitmapUtilTest.testPNGEncodingWrongWidth,,,,
,,,,,,BitmapUtilTest.testPNGEncodingWrongHeight,,,,
,,thumb_2_slap_GS.png,Finger,.png,com.gemalto.cogent.test.image,BitmapUtilTest.testPNGDecoding,"black and white
thumb
left / right
1500*1000",,,
,,,,,,BitmapUtilTest.testPNGEncoding,,,,
,,,,,,BitmapUtilTest.testGetPNGImageFormat,,,,
,,,,,,BitmapUtilTest.testThreadSafetyPngDecoding,,,,
,,,,,,BitmapUtilTest.testThreadSafetyPngEncoding,,,,
,,,,,,BitmapUtilTest.testIncompletePNGDecoding,,,,
,\image\iris\,irisBoth_BGR.jp2,,.jp2,NF,NF,,,,
,\ISOEncodeDecode\,0000_000.jp2,Iris,.jp2,com.gemalto.cogent.test.image,ISOEncodeDecodeTest.testIrisEncode,"black and white
left
640*480",,,
,,0000_000.jp2.bdb,Iris,.bdb,com.gemalto.cogent.test.image,ISOEncodeDecodeTest.testIrisEncode,"black and white
left
640*480",,,
,,,,,,ISOEncodeDecodeTest.testIrisDecode,,,,
,,0000_000.png,Iris,.png,com.gemalto.cogent.test.image,ISOEncodeDecodeTest.testIrisEncode,"black and white
left
640*480",,,
,,0000_000.png.bdb,Iris,.bdb,com.gemalto.cogent.test.image,ISOEncodeDecodeTest.testIrisEncode,"black and white
left
640*480",,,
,,,,,,ISOEncodeDecodeTest.testIrisDecode,,,,
,,0000_001.png,,.png,NF,NF,,,,
,,0001_L_0001.BDB,,.BDB,NF,NF,,,,
,,0001_L_0001.jpg,,.jpg,NF,NF,,,,
,,0001_R_0001.BDB,,.BDB,NF,NF,,,,
,,0001_R_0001.jpg,,.jpg,NF,NF,,,,
,,1_1.jp2,Finger,.jp2,com.gemalto.cogent.test.image,ISOEncodeDecodeTest.testFingerEncode,"black and white
400*560",,,
,,1_1.jp2.bdb,Finger,.bdb,com.gemalto.cogent.test.image,ISOEncodeDecodeTest.testFingerEncode,"black and white
400*560",,,
,,,,,,ISOEncodeDecodeTest.testFingerDecode,,,,
,,1_1.jp2.corrupt,Finger,.corrupt,com.gemalto.cogent.test.image,ISOEncodeDecodeTest.testEncodeCorruptJpeg2000,corrupt file,,,
,,1_1.jpg,Finger,.jpg,com.gemalto.cogent.test.image,ISOEncodeDecodeTest.testFingerEncode,"black and white
400*560",,,
,,1_1.jpg.bdb,Finger,.bdb,com.gemalto.cogent.test.image,ISOEncodeDecodeTest.testFingerEncode,,,,
,,,,,,ISOEncodeDecodeTest.testFingerDecode,,,,
,,1_1.jpg.corrupt,Finger,.corrupt,com.gemalto.cogent.test.image,ISOEncodeDecodeTest.testEncodeCorruptJpeg,corrupt file,,,
,,1_1.png,Finger,.png,com.gemalto.cogent.test.image,ISOEncodeDecodeTest.testFingerEncode,"black and white
400*560",,,
,,1_1.png.bdb,Finger,.bdb,com.gemalto.cogent.test.image,ISOEncodeDecodeTest.testFingerEncode,,,,
,,,,,,ISOEncodeDecodeTest.testFingerDecode,,,,
,,1_1.png.corrupt,Finger,.corrupt,com.gemalto.cogent.test.image,ISOEncodeDecodeTest.testEncodeCorruptPng,corrupt file,,,
,,face_01.j2k,Face,.j2k,com.gemalto.cogent.test.image,ISOEncodeDecodeTest.testFaceEncode,"color
man
mustache
348*480
rotation 0",,,
,,face_01.j2k.bdb,Face,.bdb,com.gemalto.cogent.test.image,ISOEncodeDecodeTest.testFaceEncode,,,,
,,,,,,ISOEncodeDecodeTest.testFaceDecode,,,,
,,face_01.jpg,Face,.jpg,com.gemalto.cogent.test.image,ISOEncodeDecodeTest.testFaceEncode,"color
man
mustache
348*480
rotation 0",,,
,,face_01.jpg.bdb,Face,.bdb,com.gemalto.cogent.test.image,ISOEncodeDecodeTest.testFaceEncode,,,,
,,,,,,ISOEncodeDecodeTest.testFaceDecode,,,,
,,face_01.png,Face,.png,com.gemalto.cogent.test.image,ISOEncodeDecodeTest.testFaceEncode,"color
man
mustache
348*480
rotation 0",,,
,,face_01.png.bdb,Face,.bdb,com.gemalto.cogent.test.image,ISOEncodeDecodeTest.testFaceEncode,,,,
,,,,,,ISOEncodeDecodeTest.testFaceDecode,,,,
,,face_02.jpg,Face,.jpg,com.gemalto.cogent.test.image,ISOEncodeDecodeTest.testFaceEncode,"color
man
mustache
bread
348*480
rotation 0",,,
,,face_02.jpg.bdb,Face,.bdb,com.gemalto.cogent.test.image,ISOEncodeDecodeTest.testFaceEncode,,,,
,,,,,,ISOEncodeDecodeTest.testFaceDecode,,,,
,,nfiq_good.BDB,Finger,.BDB,com.gemalto.cogent.test.image,ISOEncodeDecodeTest.testFingerEncode,"black and white
right index
good NFIQ
832*768",,,
,,,,,,ISOEncodeDecodeTest.testFingerDecode,,,,
,,nfiq_good.wsq,Finger,.wsq,com.gemalto.cogent.test.image,ISOEncodeDecodeTest.testFingerEncode,"black and white
right index
good NFIQ
832*768",,,
,,nfiq_good.wsq.corrupt,Finger,.corrupt,com.gemalto.cogent.test.image,ISOEncodeDecodeTest.testEncodeCorruptWSQ,corrupt file,,,
,,nfiq_poor.bdb,Finger,.bdb,com.gemalto.cogent.test.image,ISOEncodeDecodeTest.testFingerEncode,"black and white
right middle
good NFIQ
832*768",,,
,,,,,,ISOEncodeDecodeTest.testFingerDecode,,,,
,,nfiq_poor.wsq,Finger,.wsq,com.gemalto.cogent.test.image,ISOEncodeDecodeTest.testFingerEncode,"black and white
right middle
good NFIQ
832*768",,,
,\nist\,ansi378.fmrpiv,,.fmrpiv,NF,NF,,,,
,,ansi378Fingers10.fmr,,.fmr,NF,NF,,,,
,,bad_config.txt,,.txt,NF,NF,,,,
,,face.j2k,,.j2k,NF,NF,,,,
,,face.jpg,Face,.jpg,com.gemalto.cogent.test.nist,TestFileCreation.testFullFileCreation,"color
man
mustaches
bread
rotation 0
384*480",,,
,,fingerprint.wsq,Finger,.wsq,com.gemalto.cogent.test.nist,TestFileCreation.testFullFileCreation,"black and white
800*750",,,
,,minutiae.mnt,,.mnt,NF,NF,,,,
,\nist\references\,long_string.nist,,.nist,com.gemalto.cogent.test.nist,TestSecureInputs.testTransactionInputVeryLongString,,,,
,,refAnsi378Fingers10.nist,,.nist,com.gemalto.cogent.test.nist,TestFileParsing.testFindNextAvailableIDC,,,,
,,refCustomIndex.nist,,.nist,com.gemalto.cogent.test.nist,TestFileCreation.testCreateRecordWithIndex,,,,
,,refFileAutoAndCustomIDC.nist,,.nist,com.gemalto.cogent.test.nist,TestFileCreation.testCreateRecordWithIDC,,,,
,,refFileCreatioNFutoIDC.nist,,.nist,com.gemalto.cogent.test.nist,TestFileParsing.testFindNextAvailableIDC,,,,
,,refFileCreationDisableAutoIDC1.nist,,.nist,com.gemalto.cogent.test.nist,TestFileCreation.testFileCreationDisableAutoIDC1,,,,
,,refFileCreationDisableAutoIDC2.nist,,.nist,com.gemalto.cogent.test.nist,TestFileCreation.testFileCreationDisableAutoIDC2,,,,
,,refFileCustomFieldNumber1.nist,,.nist,com.gemalto.cogent.test.nist,TestFileCreation.testFileCustomFieldNumberCreate,,,,
,,,,,,TestFileParsing.testFileCustomFieldNumberRead,,,,
,,,,,,TestFileParsing.testFindNextAvailableIDC,,,,
,,,,,,TestFileParsing.testDeleteRecord,,,,
,,refFileCustomFieldNumber1_MissingRecord10.nist,,.nist,com.gemalto.cogent.test.nist,TestFileParsing.testDeleteRecord,,,,
,,refFileCustomFieldNumber2.nist,,.nist,com.gemalto.cogent.test.nist,TestFileCreation.testFileCustomFieldNumberCreate,,,,
,,,,,,TestFileParsing.testFileCustomFieldNumberRead,,,,
,,refFullFile.nist,,.nist,com.gemalto.cogent.test.nist,TestFileCreation.testFullFileCreation,,,,
,,,,,,TestFileParsing.testFileReadKnown,,,,
,,,,,,TestFileParsing.testGetRecords,,,,
,,,,,,TestFileParsing.testGetTextFields,,,,
,,refJ2K.nist,,.nist,NF,NF,,,,
,,refRec14EmptyImage.nist,,.nist,NF,NF,,,,
,,TX12345678.nist,,.nist,NF,NF,,,,
,\nist\special-files\,NewlineRecord.tdf,,.tdf,com.gemalto.cogent.test.nist,TestFileParsing.testNewlineRead,,,,
,,NewlineRecord.text,,.text,com.gemalto.cogent.test.nist,TestFileParsing.testNewlineRead,,,,
,\nist\threads\,fingerprint_000.wsq,,.wsq,NF,NF,,,,
,,fingerprint_001.wsq,,.wsq,NF,NF,,,,
,,fingerprint_002.wsq,,.wsq,NF,NF,,,,
,,fingerprint_003.wsq,,.wsq,NF,NF,,,,
,,fingerprint_004.wsq,,.wsq,NF,NF,,,,
,,fingerprint_005.wsq,,.wsq,NF,NF,,,,
,,fingerprint_006.wsq,,.wsq,NF,NF,,,,
,,fingerprint_007.wsq,,.wsq,NF,NF,,,,
,,fingerprint_008.wsq,,.wsq,NF,NF,,,,
,,photo_000.jpg,,.jpg,NF,NF,,,,
,,photo_001.jpg,,.jpg,NF,NF,,,,
,,photo_002.jpg,,.jpg,NF,NF,,,,
,,photo_003.jpg,,.jpg,NF,NF,,,,
,\tmpl_ANSI\,1_1.cfd,,.cfd,NF,NF,,,,
,,2_1.cfd,,.cfd,NF,NF,,,,
,,3_1.cfd,,.cfd,NF,NF,,,,
,,4_1.cfd,,.cfd,NF,NF,,,,
,,5_1.cfd,,.cfd,NF,NF,,,,
,\tmpl_ISO\,1_1.cfd,,.cfd,NF,NF,,,,
,,2_1.cfd,,.cfd,NF,NF,,,,
,,3_1.cfd,,.cfd,NF,NF,,,,
,,4_1.cfd,,.cfd,NF,NF,,,,
,,5_1.cfd,,.cfd,NF,NF,,,,
,\tmpl_ISOCC\,1_1.cfd,,.cfd,NF,NF,,,,
,,2_1.cfd,,.cfd,NF,NF,,,,
,,3_1.cfd,,.cfd,NF,NF,,,,
,,4_1.cfd,,.cfd,NF,NF,,,,
,,5_1.cfd,,.cfd,NF,NF,,,,
,\tmpl_US\,1_1_ANSI_MAX_20.cfd,,.cfd,com.gemalto.cogent.test.finger,FingerThreadSafetyTest.testThreadSafetyExtractTemplate,,,,
,,1_1_ISOCC.cfd,,.cfd,NF,NF,,,,
,,1_1_ISOCC_MAX_20.cfd,,.cfd,NF,NF,,,,
,,2_1_ANSI_MAX_20.cfd,,.cfd,NF,NF,,,,
,,2_1_ISOCC.cfd,,.cfd,com.gemalto.cogent.test.finger,FingerAPITest.testExtractTemplateISOCC,,,,
,,2_1_ISOCC_MAX_20.cfd,,.cfd,NF,NF,,,,
,,3_1_ANSI_MAX_20.cfd,,.cfd,NF,NF,,,,
,,3_1_ISOCC.cfd,,.cfd,NF,NF,,,,
,,3_1_ISOCC_MAX_20.cfd,,.cfd,com.gemalto.cogent.test.finger,FingerAPITest.testExtractTemplateISOCCMaxMinutiae,,,,
,\tmpl_US\linux\,1_1_ANSI.cfd,,.cfd,com.gemalto.cogent.test.finger,FingerAPITest.testExtractTemplateAnsi378,,,,
,,1_1_ISO.cfd,,.cfd,NF,NF,,,,
,,2_1_ANSI.cfd,,.cfd,NF,NF,,,,
,,2_1_ISO.cfd,,.cfd,com.gemalto.cogent.test.finger,FingerAPITest.testExtractTemplateISO,,,,
,,3_1_ANSI.cfd,,.cfd,NF,NF,,,,
,,3_1_ISO.cfd,,.cfd,NF,NF,,,,
,\tmpl_US\windows\,1_1_ANSI.cfd,,.cfd,com.gemalto.cogent.test.finger,FingerAPITest.testExtractTemplateAnsi378,,,,
,,1_1_ISO.cfd,,.cfd,NF,NF,,,,
,,2_1_ANSI.cfd,,.cfd,NF,NF,,,,
,,2_1_ISO.cfd,,.cfd,com.gemalto.cogent.test.finger,FingerAPITest.testExtractTemplateISO,,,,
,,3_1_ANSI.cfd,,.cfd,NF,NF,,,,
,,3_1_ISO.cfd,,.cfd,NF,NF,,,,
\assets\face\,,gpuCfg.json,,.json,NF,NF,,,,
,,faceQualityCfg.json,,.json,,,,,,
,\resources\,faceQualityCfg.json,,.json,com.gemalto.cogent.test.face,FaceAPITest.java,,,,
,\image\,0000000018078471_X11A.data,Face,.data,com.gemalto.cogent.test.face,FaceAPITest.testLocation,"color
woman
rotation 0
mouth closed
354*471",,,
,,,,,,FaceAPITest.testFeatureExtract,,,,
,,,,,,FaceAPITest.testVerify,,,,
,,11.data,Face,.data,com.gemalto.cogent.test.face,FaceAPITest.testLocation,"color
woman
rotation -45
mouth closed
483*579",,,
,,,,,,FaceAPITest.testAttribute,,,,
,,,,,,FaceAPITest.testFeatureExtract,,,,
,,,,,,FaceAPITest.testVerify,,,,
,,,,,,FaceAPITest.testVerify,,,,
,,12.data,Face,.data,com.gemalto.cogent.test.face,FaceAPITest.testLocation,"color
woman + man (mixed)
15 faces
rotation 0
500* 339",,,
,,,,,,FaceAPITest.testAttribute,,,,
,,,,,,FaceAPITest.testFeatureExtract,,,,
,,,,,,FaceAPITest.testTrack,,,,
,,13.data,Face,.data,com.gemalto.cogent.test.face,FaceAPITest.testAttribute,"color
woman
rotation 0
mouth closed
413*626",,,
,,,,,,FaceAPITest.testFeatureExtract,,,,
,,,,,,FaceAPITest.testVerify,,,,
,,,,,,FaceAPITest.testVerify,,,,
,,14.data,Face,.data,com.gemalto.cogent.test.face,FaceAPITest.testAttribute,"color
woman
rotation 0
turned left/looking left down
mouth closed
897*1196",,,
,,,,,,FaceAPITest.testFeatureExtract,,,,
,,,,,,FaceAPITest.testVerify,,,,
,,144.data,Face,.data,com.gemalto.cogent.test.face,FaceAPITest.testLocation,"color
two men
one turned right
mouth open
one turned left
rotation 0
588*524",,,
,,,,,,FaceAPITest.testAttribute,,,,
,,,,,,FaceAPITest.testTrack,,,,
,,15.data,Face,.data,com.gemalto.cogent.test.face,FaceAPITest.testAttribute,"color
woman
rotation 0
mouth open
570*800",,,
,,,,,,FaceAPITest.testFeatureExtract,,,,
,,,,,,FaceAPITest.testVerify,,,,
,,,,,,FaceAPITest.testVerify,,,,
,,17.data,Face,.data,com.gemalto.cogent.test.face,FaceAPITest.testAttribute,"color
man
rotation 0
mouth closed
eyes mi-open
448*600",,,
,,,,,,FaceAPITest.testFeatureExtract,,,,
,,,,,,FaceAPITest.testVerify,,,,
,,,,,,FaceAPITest.testVerify,,,,
,,1_2.data,Face,.data,com.gemalto.cogent.test.face,FaceAPITest.testLocation,"color
woman
mouth mi open
rotation -45
394*297",,,
,,,,,,FaceAPITest.testAttribute,,,,
,,,,,,FaceAPITest.testFeatureExtract,,,,
,,,,,,FaceAPITest.testVerify,,,,
,,,,,,FaceAPITest_NT.testLocationWrongRotation,,,,
,,,,,,FaceAPITest_NT.testVerifySameImages1,,,,
,,,,,,FaceAPITest_NT.testVerifySameImages0,,,,
,,1_3.data,Face,.data,com.gemalto.cogent.test.face,FaceAPITest.testLocation,"color
man
mouth mi open
rotation 0
turned right
533*487",,,
,,,,,,FaceAPITest.testAttribute,,,,
,,,,,,FaceAPITest.testFeatureExtract,,,,
,,,,,,FaceAPITest.testVerify,,,,
,,1_4.data,Face,.data,com.gemalto.cogent.test.face,FaceAPITest.testLocation,"color
woman
faces in background
looking left
rotation 0
431*300",,,
,,,,,,FaceAPITest.testAttribute,,,,
,,,,,,FaceAPITest.testFeatureExtract,,,,
,,1_5.data,Face,.data,com.gemalto.cogent.test.face,FaceAPITest.testLocation,"color
woman
glasses
mouth open
looking left
rotation 0
419*375",,,
,,,,,,FaceAPITest.testAttribute,,,,
,,,,,,FaceAPITest.testFeatureExtract,,,,
,,,,,,FaceAPITest.testVerify,,,,
,,,,,,FaceAPITest_NT.testVerifySameImages1,,,,
,,,,,,FaceAPITest_NT.testVerifySameImages0,,,,
,,1_6.data,Face,.data,com.gemalto.cogent.test.face,FaceAPITest.testLocation,"color
woman
mouth open
rotation -10
turned left
426*600",,,
,,,,,,FaceAPITest.testAttribute,,,,
,,,,,,FaceAPITest.testFeatureExtract,,,,
,,,,,,FaceAPITest.testVerify,,,,
,,1_7.data,Face,.data,com.gemalto.cogent.test.face,FaceAPITest.testLocation,"black and white
man
mouth mi-open
rotation 0
turned left
720*1080",,,
,,,,,,FaceAPITest.testAttribute,,,,
,,,,,,FaceAPITest.testFeatureExtract,,,,
,,,,,,FaceAPITest.testVerify,,,,
,,1_8.data,Face,.data,com.gemalto.cogent.test.face,FaceAPITest.testLocation,"color
2 images
1/woman + rotation 20 + wering hat + mouth mi-open
2/woman + rotation 0
495*309",,,
,,,,,,FaceAPITest.testAttribute,,,,
,,1_9.data,Face,.data,com.gemalto.cogent.test.face,FaceAPITest.testAttribute,"color
old woman
glasses
rotation 0
background blue
720*576",,,
,,,,,,FaceAPITest.testFeatureExtract,,,,
,,,,,,FaceAPITest.testVerify,,,,
,,1_gallery.data,Face,.data,com.gemalto.cogent.test.face,FaceAPITest.testAttribute,"color
old woman
glasses
rotation 0
background blue
720*576",,,
,,,,,,FaceAPITest.testFeatureExtract,,,,
,,,,,,FaceAPITest.testVerify,,,,
,,1_probe.data,Face,.data,com.gemalto.cogent.test.face,FaceAPITest.testAttribute,(Same picture as previous one just the woman has different t-shirt's color),,,
,,,,,,FaceAPITest.testFeatureExtract,,,,
,,,,,,FaceAPITest.testVerify,,,,
,,21.data,Face,.data,com.gemalto.cogent.test.face,FaceAPITest.testLocation,"color
2 faces
woman + man
mouth open
man rotation 10
woman rotation 20
736*537",,,
,,,,,,FaceAPITest.testAttribute,,,,
,,,,,,FaceAPITest.testTrack,,,,
,,3.data,Face,.data,com.gemalto.cogent.test.face,FaceAPITest.testLocation,"color
3 faces
woman
mouth open
mouth closed
500*333",,,
,,,,,,FaceAPITest.testAttribute,,,,
,,,,,,FaceAPITest.testTrack,,,,
,,33.data,Face,.data,com.gemalto.cogent.test.face,FaceAPITest.testAttribute,"color
woman
mouth open
rotation 0
white background
371*438",,,
,,,,,,FaceAPITest.testFeatureExtract,,,,
,,,,,,FaceAPITest.testVerify,,,,
,,48.data,,.data,NF,NF,,,,
,,4_1.data,Face,.data,com.gemalto.cogent.test.face,FaceAPITest.testAttribute,"color
man
glasses
mouth closed
rotation 0
blue backgroumd
portrait
658*956",,,
,,,,,,FaceAPITest.testFeatureExtract,,,,
,,,,,,FaceAPITest.testVerify,,,,
,,,,,,FaceAPITest.testMatchQuality,,,,
,,5_1.data,Face,.data,com.gemalto.cogent.test.face,FaceAPITest.testAttribute,"color
man
glasses
mouth closed
rotation 0
blue backgroumd
portrait
1000*1500",,,
,,,,,,FaceAPITest.testFeatureExtract,,,,
,,,,,,FaceAPITest.testVerify,,,,
,,,,,,FaceAPITest.testMatchQuality,,,,
,,6.data,Face,.data,com.gemalto.cogent.test.face,FaceAPITest.testLocation,"color
6 faces
3 men
3 women
mouth open
mouth closed
rotation 0 / -20 / 20
500*333",,,
,,,,,,FaceAPITest.testLocation,,,,
,,,,,,FaceAPITest.testTrack,,,,
,,6ren.data,Face,.data,com.gemalto.cogent.test.face,FaceAPITest.testLocation,"color
6 faces
4 men
2 women
mouth closed
rotation 0
turned 0 / left
500*500",,,
,,,,,,FaceAPITest.testAttribute,,,,
,,,,,,FaceAPITest.testTrack,,,,
,,6_1.data,Face,.data,com.gemalto.cogent.test.face,FaceAPITest.testAttribute,"color
woman
portrait
mouth open
rotation 0
blue background
800*1119",,,
,,,,,,FaceAPITest.testFeatureExtract,,,,
,,,,,,FaceAPITest.testVerify,,,,
,,,,,,FaceAPITest.testMatchQuality,,,,
,,8.data,Face,.data,com.gemalto.cogent.test.face,FaceAPITest.testAttribute,"color
woman
portrait
glasses
rotation 0
blue background
380*453",,,
,,,,,,FaceAPITest.testFeatureExtract,,,,
,,,,,,FaceAPITest.testVerify,,,,
,,b2.data,,.data,NF,NF,,,,
,,baby_4.data,Face,.data,com.gemalto.cogent.test.face,FaceAPITest.testLocation,"color
mother and daugther
daugther rotation 90
mother rotation 45
mouth open
640*427",,,
,,,,,,FaceAPITest.testAttribute,,,,
,,,,,,FaceAPITest.testTrack,,,,
,,black_white.data,Face,.data,com.gemalto.cogent.test.face,FaceAPITest.testLocation,"black and white
family portrait
13 faces
5 men
8 women
rotation 0
mouth open / closed
500*349",,,
,,,,,,FaceAPITest.testAttribute,,,,
,,,,,,FaceAPITest.testTrack,,,,
,,busy_background_false.data,Face,.data,com.gemalto.cogent.test.face,FaceAPITest.testQualityCheck,"color
old woman
mouth closed
rotation 0
trees background
220*281",,,
,,,,,,FaceAPITest.testQualityCheck,,,,
,,b_ears_not_obscured_by_hair_false.data,Face,.data,com.gemalto.cogent.test.face,FaceAPITest.testQualityCheck,"color
woman
mouth closed
rotation 0
ears hidden by hair
589*936",,,
,,,,,,FaceAPITest.testQualityCheck,,,,
,,b_ears_not_obscured_by_hair_true.data,Face,.data,com.gemalto.cogent.test.face,FaceAPITest.testQualityCheck,"color
man
blue backgrund
mouth closed
rotation 0
673*998",,,
,,,,,,FaceAPITest.testQualityCheck,,,,
,,b_eye_color_0_hair_color_0.data,Face,.data,com.gemalto.cogent.test.face,FaceAPITest.testQualityCheck,"color
man
mouth closed
rotation 0
turned left
white background
2736*3372",,,
,,,,,,FaceAPITest.testQualityCheck,,,,
,,b_eye_color_false.data,Face,.data,com.gemalto.cogent.test.face,FaceAPITest.testQualityCheck,"color
girl
colored hair (blue/yellow)
rotation 10
blue eyes
mouth closed
803*1094",,,
,,,,,,FaceAPITest.testQualityCheck,,,,
,,b_gray_scale_prof_false.data,Face,.data,com.gemalto.cogent.test.face,FaceAPITest.testQualityCheck,"color
old picture
old man
hat
rotation 0
not clear picture
532*755",,,
,,,,,,FaceAPITest.testQualityCheck,,,,
,,b_hair_color_false.data,Face,.data,com.gemalto.cogent.test.face,FaceAPITest.testQualityCheck,"color
girl
soft pink hair
rotation 10
mouth mi-open 
704*917",,,
,,,,,,FaceAPITest.testQualityCheck,,,,
,,b_no_moustache_False.data,Face,.data,com.gemalto.cogent.test.face,FaceAPITest.testQualityCheck,"color
man
moustache
bread
rotation 0
809*1087",,,
,,,,,,FaceAPITest.testQualityCheck,,,,
,,b_no_moustache_True.data,Face,.data,com.gemalto.cogent.test.face,FaceAPITest.testQualityCheck,"color
man
no moustache
turned right
mouth mi-open
rotation 0
711*876",,,
,,,,,,FaceAPITest.testQualityCheck,,,,
,,c15.data,,.data,NF,NF,,,,
,,cartoon_false.data,Face,.data,com.gemalto.cogent.test.face,FaceAPITest.testQualityCheck,"color
cartoon man
rotation -10
400*286",,,
,,,,,,FaceAPITest.testQualityCheck,,,,
,,chile.data,Face,.data,com.gemalto.cogent.test.face,FaceAPITest.testQualityCheck,"color
woman
old
mouth closed
400*528",,,
,,,,,,FaceAPITest.testQualityCheck,,,,
,,chile_10081_1213-58666_passall_3.data,Face,.data,com.gemalto.cogent.test.face,FaceAPITest.testPassQualityCheck,"color
man
portrait
mouth closed
rotation 0
white background
400*528",,,
,,chile_10081_passall_1.data,,.data,NF,NF,,,,
,,chile_12181_passall_2.data,,.data,NF,NF,,,,
,,chile_13714_passall_4.data,,.data,NF,NF,,,,
,,contrast_6.data,,.data,NF,NF,,,,
,,Contrast_False.data,Face,.data,com.gemalto.cogent.test.face,FaceAPITest.testQualityCheck,"color
man
white yellow hair
portrait
rotation 0
mouth closed
contrast to white
325*409",,,
,,,,,,FaceAPITest.testQualityCheck,,,,
,,con_1.data,,.data,NF,NF,,,,
,,Dozens_Faces_M.data,Face,.data,com.gemalto.cogent.test.face,FaceAPITest.testLocation,"color
many faces > 40
women + men
mouth open + closed
glasses and no glasses
2148*2140",,,
,,,,,,FaceAPITest.testAttribute,,,,
,,,,,,FaceAPITest.testTrack,,,,
,,duoren_1.data,Face,.data,com.gemalto.cogent.test.face,FaceAPITest.testLocation,"color
18 faces
me+ women
sunglasses + glasses + no glasses
mouth open + closed
848*505",,,
,,,,,,FaceAPITest.testAttribute,,,,
,,,,,,FaceAPITest.testTrack,,,,
,,E3_S0_A1_4d_1_depth_91.raw,Face,.raw,com.gemalto.cogent.test.face,FaceAPITest.testLivenessSilent,1280*720,,,
,,exposure_false.data,Face,.data,com.gemalto.cogent.test.face,FaceAPITest.testQualityCheck,"color
man
faces in background
rotation 10
glasses
exposure : face too light
171*348",,,
,,EyePatch_False.data,Face,.data,com.gemalto.cogent.test.face,FaceAPITest.testQualityCheck,"color
girl
wearing eye sleeping patch
mouth open
300*300",,,
,,,,,,FaceAPITest.testQualityCheck,,,,
,,eye_open_false.data,Face,.data,com.gemalto.cogent.test.face,FaceAPITest.testQualityCheck,"color
man
eye closed
rotation 0
459*612",,,
,,,,,,FaceAPITest.testQualityCheck,,,,
,,eye_shadow_false.data,Face,.data,com.gemalto.cogent.test.face,FaceAPITest.testQualityCheck,"black and white
man
rotation 0
shadow too black
640*480",,,
,,,,,,FaceAPITest.testQualityCheck,,,,
,,Faceg.data,,.data,NF,NF,,,,
,,Facep.data,,.data,NF,NF,,,,
,,face_bad_quality_from_mosip.data,Face,.data,com.gemalto.cogent.test.face,FaceAPITest_NT.testQualityCheckBadQuality,"color
manglasses
rotation 0
moustache
bread
bad quality
240*320",,,
,,flash_5.data,,.data,NF,NF,,,,
,,flash_reflection_false.data,Face,.data,com.gemalto.cogent.test.face,FaceAPITest.testQualityCheck,"color
girl
sunglasses multi-color
turned right
648*642",,,
,,,,,,FaceAPITest.testQualityCheck,,,,
,,frames_uncover_eyes_false.data,Face,.data,com.gemalto.cogent.test.face,FaceAPITest.testQualityCheck,"color
girl
library background
glasses
mouth open
rotation 0
1000*704",,,
,,,,,,FaceAPITest.testQualityCheck,,,,
,,frontal_false.data,Face,.data,com.gemalto.cogent.test.face,FaceAPITest.testQualityCheck,"color
adult - boy
glasses
mouth mi-open
384*288",,,
,,,,,,FaceAPITest.testQualityCheck,,,,
,,GC_gallery.data,Face,.data,com.gemalto.cogent.test.face,FaceAPITest.testLocation,"color
man
portrait
rotation 0
white background
269*360",,,
,,,,,,FaceAPITest.testAttribute,,,,
,,,,,,FaceAPITest.testFeatureExtract,,,,
,,,,,,FaceAPITest.testVerify,,,,
,,GC_probe.data,Face,.data,com.gemalto.cogent.test.face,FaceAPITest.testLocation,"color
man
wearing mask
rotation 0
240*316",,,
,,,,,,FaceAPITest.testAttribute,,,,
,,,,,,FaceAPITest.testFeatureExtract,,,,
,,,,,,FaceAPITest.testTrack,,,,
,,,,,,FaceAPITest.testVerify,,,,
,,glasses_true.data,Face,.data,com.gemalto.cogent.test.face,FaceAPITest.testQualityCheck,"color
woman
glasses
rotation 0
portait
white background
222*282",,,
,,,,,,FaceAPITest.testQualityCheck,,,,
,,Greyscale_False.data,Face,.data,com.gemalto.cogent.test.face,FaceAPITest.testQualityCheck,"color
man
mouth open 0
rotation 0
greyscale
640*480",,,
,,hair_cross_eye_false.data,Face,.data,com.gemalto.cogent.test.face,FaceAPITest.testQualityCheck,"color
girl
hair crossing one eye
mouth open
hands open front of the mouth
rotation 0
300*400",,,
,,,,,,FaceAPITest.testQualityCheck,,,,
,,hat_true.data,Face,.data,com.gemalto.cogent.test.face,FaceAPITest.testQualityCheck,"color
man
wearing hat
rotation 0
220*273",,,
,,,,,,FaceAPITest.testQualityCheck,,,,
,,heavy_frames_false.data,Face,.data,com.gemalto.cogent.test.face,FaceAPITest.testQualityCheck,"color
man
glasses
rotation -10
bread
moustache
long hair
498*500",,,
,,,,,,FaceAPITest.testQualityCheck,,,,
,,heying1.data,Face,.data,com.gemalto.cogent.test.face,FaceAPITest.testLocation,"color
39 faces
men + women
glasses + no glasses
eye open + eye closed
mouth open + mouth closed
rotation 0
1589*1056",,,
,,,,,,FaceAPITest.testAttribute,,,,
,,hotspot_false.data,Face,.data,com.gemalto.cogent.test.face,FaceAPITest.testQualityCheck,"color
woman
portrait
rotation 0
214*286",,,
,,,,,,FaceAPITest.testQualityCheck,,,,
,,ID_00028_01.data,Face,.data,com.gemalto.cogent.test.face,FaceAPITest.testLocation,"color
woman
short hair
image from news television
rotation 0
mouth mi-open
720*1280",,,
,,,,,,FaceAPITest.testAttribute,,,,
,,,,,,FaceAPITest.testFeatureExtract,,,,
,,,,,,FaceAPITest.testTrack,,,,
,,,,,,FaceAPITest.testVerify,,,,
,,ID_00028_02.data,Face,.data,com.gemalto.cogent.test.face,FaceAPITest.testLocation,"same person
wearing mask
720*1280",,,
,,,,,,FaceAPITest.testAttribute,,,,
,,,,,,FaceAPITest.testFeatureExtract,,,,
,,,,,,FaceAPITest.testTrack,,,,
,,,,,,FaceAPITest.testVerify,,,,
,,ID_00845_1.data,Face,.data,com.gemalto.cogent.test.face,FaceAPITest.testLocation,"color
man
image from news television
rotation 0
wearing mask
fingers on the mask
glasses
turning  right
720*1280",,,
,,,,,,FaceAPITest.testAttribute,,,,
,,,,,,FaceAPITest.testFeatureExtract,,,,
,,,,,,FaceAPITest.testTrack,,,,
,,,,,,FaceAPITest.testVerify,,,,
,,ID_00845_2.data,Face,.data,com.gemalto.cogent.test.face,FaceAPITest.testLocation,"same person
without mask
looking down
720*1280",,,
,,,,,,FaceAPITest.testAttribute,,,,
,,,,,,FaceAPITest.testFeatureExtract,,,,
,,,,,,FaceAPITest.testTrack,,,,
,,,,,,FaceAPITest.testVerify,,,,
,,ID_00846_1.data,Face,.data,com.gemalto.cogent.test.face,FaceAPITest.testLocation,"color
woman
glasses
rotation 0
mouth mi-open
1280*720",,,
,,,,,,FaceAPITest.testAttribute,,,,
,,,,,,FaceAPITest.testFeatureExtract,,,,
,,,,,,FaceAPITest.testTrack,,,,
,,,,,,FaceAPITest.testVerify,,,,
,,ID_00846_2.data,Face,.data,com.gemalto.cogent.test.face,FaceAPITest.testLocation,"same person/image
wearing mask
finger showing the mask
1280*720",,,
,,,,,,FaceAPITest.testAttribute,,,,
,,,,,,FaceAPITest.testFeatureExtract,,,,
,,,,,,FaceAPITest.testTrack,,,,
,,,,,,FaceAPITest.testVerify,,,,
,,inked_false.data,Face,.data,com.gemalto.cogent.test.face,FaceAPITest.testQualityCheck,"color
man
portrait
white background
ink in white space
358*441",,,
,,,,,,FaceAPITest.testQualityCheck,,,,
,,irisBoth.raw,,.raw,NF,NF,,,,
,,light_false.data,Face,.data,com.gemalto.cogent.test.face,FaceAPITest.testQualityCheck,"black and white
man
rotation 0
dark picture no light
640*480",,,
,,,,,,FaceAPITest.testQualityCheck,,,,
,,many_2.data,Face,.data,com.gemalto.cogent.test.face,FaceAPITest.testLocation,"color
many faces >50
portrait
675*300",,,
,,,,,,FaceAPITest.testAttribute,,,,
,,mouth_close_false.data,Face,.data,com.gemalto.cogent.test.face,FaceAPITest.testQualityCheck,"color
girl
mouth open -smiling
white backgroun
portrait
rotation 0
400*528",,,
,,,,,,FaceAPITest.testQualityCheck,,,,
,,mult_face_013.data,Face,.data,com.gemalto.cogent.test.face,FaceAPITest.testLocation,"color
5 faces - men
different ages
mouth open-closed
glasses - no glasses
1024*768",,,
,,,,,,FaceAPITest.testAttribute,,,,
,,,,,,FaceAPITest.testTrack,,,,
,,n1.data,Face,.data,com.gemalto.cogent.test.face,FaceAPITest.testLocation,"color
many faces
women men
different positions
glasses - no glasses
mouth open-closed
500*375",,,
,,,,,,FaceAPITest.testAttribute,,,,
,,,,,,FaceAPITest.testTrack,,,,
,,o13.data,,.data,NF,NF,,,,
,,object_close_face_false.data,Face,.data,com.gemalto.cogent.test.face,FaceAPITest.testQualityCheck,"
color
man with pillow
two glasses
pillow close to face
1076*1436",,,
,,,,,,FaceAPITest.testQualityCheck,,,,
,,P1_gallery.data,Face,.data,com.gemalto.cogent.test.face,FaceAPITest.testLocation,"color
man
glasses
portrait
rotation 0
mouth open
blue background
203*305",,,
,,,,,,FaceAPITest.testAttribute,,,,
,,,,,,FaceAPITest.testFeatureExtract,,,,
,,,,,,FaceAPITest.testVerify,,,,
,,,,,,FaceAPITest.testVerify,,,,
,,,,,,FaceAPITest.testVerify,,,,
,,,,,,FaceAPITest.testVerify,,,,
,,,,,,FaceAPITest_NT.testVerifySameImages1,,,,
,,,,,,FaceAPITest_NT.testVerifySameImages1,,,,
,,,,,,FaceAPITest_NT.testVerifySameImages0,,,,
,,,,,,FaceAPITest_NT.testVerifySameImages0,,,,
,,,,,,FaceAPITest_NT.testVerifyFaceVsFinger,,,,
,,P1_probe.data,Face,.data,com.gemalto.cogent.test.face,FaceAPITest.testLocation,"same person - different picture
wearing mask
631*800",,,
,,,,,,FaceAPITest.testAttribute,,,,
,,,,,,FaceAPITest.testFeatureExtract,,,,
,,,,,,FaceAPITest.testVerify,,,,
,,pixelation_false.data,Face,.data,com.gemalto.cogent.test.face,FaceAPITest.testQualityCheck,"color
woman
portrait
rotation 0
short hair
bad pixel
400*528",,,
,,,,,,FaceAPITest.testQualityCheck,,,,
,,portCol00002.data,,.data,NF,NF,,,,
,,pose_roll_large_001.data,Face,.data,com.gemalto.cogent.test.face,FaceAPITest.testLocation,"same person
rotation -45
looking left
1080*1440",,,
,,,,,,FaceAPITest.testAttribute,,,,
,,,,,,FaceAPITest.testFeatureExtract,,,,
,,,,,,FaceAPITest.testTrack,,,,
,,,,,,FaceAPITest.testVerify,,,,
,,RedEye_False.data,Face,.data,com.gemalto.cogent.test.face,FaceAPITest.testQualityCheck,"color
woman
mouth open
red eyes
rotation 10
296*314",,,
,,,,,,FaceAPITest.testQualityCheck,,,,
,,right_4_slap.data,,.data,NF,NF,,,,
,,Right_ok.data,Face,.data,com.gemalto.cogent.test.face,FaceAPITest.testQualityCheck,"color
man
portrait
rotation 0
white backgroun
200*200",,,
,,,,,,FaceAPITest.testQualityCheck,,,,
,,Ripple_False.data,Face,.data,com.gemalto.cogent.test.face,FaceAPITest.testQualityCheck,"color
woman
short hait
portrait 
rotation 0
busy white background
205*235",,,
,,,,,,FaceAPITest.testQualityCheck,,,,
,,rotate_44_001.data,Face,.data,com.gemalto.cogent.test.face,FaceAPITest.testLocation,"color
man
portrait
rotation 45
white background
500*500",,,
,,,,,,FaceAPITest.testAttribute,,,,
,,,,,,FaceAPITest.testFeatureExtract,,,,
,,,,,,FaceAPITest.testTrack,,,,
,,,,,,FaceAPITest.testVerify,,,,
,,S027-01-t10_03.raw,Face,.raw,com.gemalto.cogent.test.face,FaceAPITest_NT.testFailQualityCheck,"color
man
wearing glasses
rotation 0
turning completely left
768*960",,,
,,S145-01-t10_02.raw,Face,.raw,com.gemalto.cogent.test.face,FaceAPITest_NT.testFailQualityCheck,"color
old man
wearing glasses
rotation 0
turning completely left
768*960",,,
,,s19.data,,.data,NF,NF,,,,
,,S272-02-t10_01.raw,Face,.raw,com.gemalto.cogent.test.face,FaceAPITest_NT.testFailQualityCheck,"color
old man
wearing glasses
rotation 0
looking left down
768*960",,,
,,shadow_across_face_false.data,Face,.data,com.gemalto.cogent.test.face,FaceAPITest.testQualityCheck,"greyscale image
man
glasses
shadow across the face
1076* 1436",,,
,,,,,,FaceAPITest.testQualityCheck,,,,
,,shadow_behind_head_false.data,Face,.data,com.gemalto.cogent.test.face,FaceAPITest.testQualityCheck,"greyscale image
adult
shadow behind the face
128*128",,,
,,,,,,FaceAPITest.testQualityCheck,,,,
,,Sharp_false.data,Face,.data,com.gemalto.cogent.test.face,FaceAPITest.testQualityCheck,"color
man moving
glasses
467*406",,,
,,,,,,FaceAPITest.testQualityCheck,,,,
,,shoulder_true.data,Face,.data,com.gemalto.cogent.test.face,FaceAPITest.testQualityCheck,"color
man
glasses
portrait
rotation 0
shoulders
175*225",,,
,,,,,,FaceAPITest.testQualityCheck,,,,
,,tenfaces.data,,.data,com.gemalto.cogent.test.face,FaceAPITest.testLocation,"color
10 faces - men
footbal players
portrait
different poses
1215*649",,,
,,,,,,FaceAPITest.testAttribute,,,,
,,,,,,FaceAPITest_NT.testQualityCheckMultipleFaces,,,,
,,testFP_01261.data,,.data,NF,NF,,,,
,,testFP_01529.data,,.data,NF,NF,,,,
,,testFP_02065.data,,.data,NF,NF,,,,
,,testFP_02432.data,,.data,NF,NF,,,,
,,testFP_02823.data,,.data,NF,NF,,,,
,,testFP_03107.data,,.data,NF,NF,,,,
,,testFP_03142.data,,.data,NF,NF,,,,
,,tinted_glasses_false.data,Face,.data,com.gemalto.cogent.test.face,FaceAPITest.testQualityCheck,"color
man
white background
sunglasses
178*218",,,
,,,,,,FaceAPITest.testQualityCheck,,,,
,,TX0000000009AGV1_X01A.data,Face,.data,com.gemalto.cogent.test.face,FaceAPITest.testLocation,"color
woman
wearinh hijjab
portrait
rotation 0
white background
276*370",,,
,,,,,,FaceAPITest.testFeatureExtract,,,,
,,,,,,FaceAPITest.testTrack,,,,
,,,,,,FaceAPITest.testVerify,,,,
,,veil_false.data,Face,.data,com.gemalto.cogent.test.face,FaceAPITest.testQualityCheck,"color
man
wearing mask
have earings on left ear
portrait 
rotation 0
white background
750*750",,,
,,,,,,FaceAPITest.testQualityCheck,,,,
,,with_hat_cover.data,Face,.data,com.gemalto.cogent.test.face,FaceAPITest.testLocation,"color
4 faces
doctors wearing hat
500*333",,,
,,,,,,FaceAPITest.testFeatureExtract,,,,
,,,,,,FaceAPITest.testTrack,,,,
,,,,,,FaceAPITest.testVerify,,,,
,,,,,,,,,,
,,,,,,,,,,
,,,,,,,,,,
,,,,,,,,,,
,,,,,,,,,,
,,,,,,,,,,
,,,,,,,,,,
,,,,,,,,,,
,,,,,,,,,,
,,,,,,,,,,
,,,,,,,,,,
,,,,,,,,,,
,,,,,,,,,,
,,,,,,,,,,
,,,,,,,,,,
,,,,,,,,,,
,,,,,,,,,,
,,,,,,,,,,
,,,,,,,,,,
,,,,,,,,,,
,,,,,,,,,,
,,,,,,,,,,
,,,,,,,,,,
,,,,,,,,,,
,,,,,,,,,,
,,,,,,,,,,
,,,,,,,,,,
,,,,,,,,,,
,,,,,,,,,,
,,,,,,,,,,
,,,,,,,,,,
,,,,,,,,,,
,,,,,,,,,,
,,,,,,,,,,
,,,,,,,,,,
,,,,,,,,,,
,,,,,,,,,,
,,,,,,,,,,
,,,,,,,,,,
,,,,,,,,,,
,,,,,,,,,,
,,,,,,,,,,
,,,,,,,,,,
,,,,,,,,,,
,,,,,,,,,,
,,,,,,,,,,
,,,,,,,,,,
,,,,,,,,,,
,,,,,,,,,,
,,,,,,,,,,
,,,,,,,,,,
,,,,,,,,,,
,,,,,,,,,,
,,,,,,,,,,
,,,,,,,,,,
,,,,,,,,,,
,,,,,,,,,,
,,,,,,,,,,
,,,,,,,,,,
,,,,,,,,,,
,,,,,,,,,,
,,,,,,,,,,
,,,,,,,,,,
,,,,,,,,,,
,,,,,,,,,,
,,,,,,,,,,
,,,,,,,,,,
,,,,,,,,,,
,,,,,,,,,,
,,,,,,,,,,
,,,,,,,,,,
,,,,,,,,,,
,,,,,,,,,,
,,,,,,,,,,
,,,,,,,,,,
,,,,,,,,,,
,,,,,,,,,,
,,,,,,,,,,
,,,,,,,,,,
,,,,,,,,,,
,,,,,,,,,,
,,,,,,,,,,
,,,,,,,,,,
,,,,,,,,,,
,,,,,,,,,,
,,,,,,,,,,
,,,,,,,,,,
,,,,,,,,,,
,,,,,,,,,,
,,,,,,,,,,
,,,,,,,,,,
,,,,,,,,,,
,,,,,,,,,,
,,,,,,,,,,
,,,,,,,,,,
,,,,,,,,,,
,,,,,,,,,,
,,,,,,,,,,
,,,,,,,,,,
,,,,,,,,,,
,,,,,,,,,,
,,,,,,,,,,
,,,,,,,,,,
,,,,,,,,,,
,,,,,,,,,,
,,,,,,,,,,
,,,,,,,,,,
,,,,,,,,,,
,,,,,,,,,,
,,,,,,,,,,
,,,,,,,,,,
,,,,,,,,,,
,,,,,,,,,,
,,,,,,,,,,
,,,,,,,,,,
,,,,,,,,,,
,,,,,,,,,,
,,,,,,,,,,
,,,,,,,,,,
,,,,,,,,,,
,,,,,,,,,,
,,,,,,,,,,
,,,,,,,,,,
,,,,,,,,,,
,,,,,,,,,,
,,,,,,,,,,
,,,,,,,,,,
,,,,,,,,,,
,,,,,,,,,,
,,,,,,,,,,
,,,,,,,,,,
,,,,,,,,,,
,,,,,,,,,,
,,,,,,,,,,
,,,,,,,,,,
,,,,,,,,,,
,,,,,,,,,,
,,,,,,,,,,
,,,,,,,,,,
,,,,,,,,,,
,,,,,,,,,,
,,,,,,,,,,
,,,,,,,,,,
,,,,,,,,,,
,,,,,,,,,,
,,,,,,,,,,
,,,,,,,,,,
,,,,,,,,,,
,,,,,,,,,,
,,,,,,,,,,
,,,,,,,,,,
,,,,,,,,,,
,,,,,,,,,,
,,,,,,,,,,
,,,,,,,,,,
,,,,,,,,,,
,,,,,,,,,,
,,,,,,,,,,
,,,,,,,,,,
,,,,,,,,,,
,,,,,,,,,,
,,,,,,,,,,
,,,,,,,,,,
,,,,,,,,,,
,,,,,,,,,,
,,,,,,,,,,
,,,,,,,,,,
,,,,,,,,,,
,,,,,,,,,,
,,,,,,,,,,
,,,,,,,,,,
,,,,,,,,,,
,,,,,,,,,,
,,,,,,,,,,
,,,,,,,,,,
,,,,,,,,,,
,,,,,,,,,,
,,,,,,,,,,
,,,,,,,,,,
,,,,,,,,,,
,,,,,,,,,,
,,,,,,,,,,
,,,,,,,,,,
,,,,,,,,,,
,,,,,,,,,,
,,,,,,,,,,
,,,,,,,,,,
,,,,,,,,,,
,,,,,,,,,,
,,,,,,,,,,
,,,,,,,,,,
,,,,,,,,,,
,,,,,,,,,,
,,,,,,,,,,
,,,,,,,,,,
,,,,,,,,,,
,,,,,,,,,,
,,,,,,,,,,
,,,,,,,,,,
,,,,,,,,,,
,,,,,,,,,,
,,,,,,,,,,
,,,,,,,,,,
,,,,,,,,,,
,,,,,,,,,,
,,,,,,,,,,
,,,,,,,,,,
